(#1320),885 ₽/уп
(#1506),971 ₽/уп
(#1317),778 ₽/уп
(#1527),971 ₽/уп
(#1525),971 ₽/уп
(#1522),971 ₽/уп
(#1319),885 ₽/уп
(#1511),874 ₽/уп
(#1519),971 ₽/уп
(#1531),971 ₽/уп
(#1324),885 ₽/уп
(#1533),739 ₽/уп
(#1516),971 ₽/уп
(#1521),971 ₽/уп
(#1507),887 ₽/уп
(#1318),885 ₽/уп
(#1566),1 021 ₽/уп
(#1550),1 021 ₽/уп
(#1562),1 021 ₽/уп
(#1583),1 021 ₽/уп
(#1580),1 021 ₽/уп
(#1504),887 ₽/уп
(#1322),885 ₽/уп
(#1310),885 ₽/уп
(#1503),971 ₽/уп
(#1530),971 ₽/уп
(#1524),971 ₽/уп
(#1323),885 ₽/уп
(#1505),739 ₽/уп
(#1513),971 ₽/уп
(#1528),971 ₽/уп
(#1529),971 ₽/уп
(#1526),971 ₽/уп
(#1508),971 ₽/уп
(#1509),971 ₽/уп
(#223),887 ₽/уп
(#221),797 ₽/уп
(#995FM),764 ₽/уп
(#PF2125),887 ₽/уп
(#PF2117),1 134 ₽/уп
(#PF2122),887 ₽/уп
(#PF2108),887 ₽/уп
(#PF2113),887 ₽/уп
(#PF2112),887 ₽/уп
(#PF2106),1 134 ₽/уп
(#PF2102),1 134 ₽/уп
(#PF2109),887 ₽/уп
(#PF2120),1 134 ₽/уп
(#2101),764 ₽/уп
(#PF2101),887 ₽/уп
(#PF2111),887 ₽/уп
(#PF2126),1 134 ₽/уп
(#PF2116),887 ₽/уп
(#PF2121),887 ₽/уп
(#PF2118),887 ₽/уп
(#PF2115),887 ₽/уп
(#PF2104),1 134 ₽/уп
(#PF2124),887 ₽/уп
(#PF2103),887 ₽/уп
(#PF2119),887 ₽/уп
(#PF2107),1 134 ₽/уп
(#1010),764 ₽/уп
(#1009),764 ₽/уп
(#33F),764 ₽/уп
(#2244),855 ₽/уп
(#2108),855 ₽/уп
(#2102),764 ₽/уп
(#PF2114),887 ₽/уп
(#2126),855 ₽/уп
(#2122),751 ₽/уп
(#2125),855 ₽/уп
(#2110),764 ₽/уп
(#1808),764 ₽/уп
(#25),764 ₽/уп
(#26B),764 ₽/уп
(#26C),764 ₽/уп
(#1008),764 ₽/уп
(#25D),855 ₽/уп
(#34),764 ₽/уп
(#PF2105),1 134 ₽/уп
(#36),855 ₽/уп
(#1006),764 ₽/уп
(#26CF),764 ₽/уп
(#25CF),855 ₽/уп
(#22F),764 ₽/уп
(#21F),764 ₽/уп
(#2251),658 ₽/уп
(#1806),764 ₽/уп
(#37),855 ₽/уп
(#PF2123),1 134 ₽/уп
(#2115),764 ₽/уп
(#2124),764 ₽/уп
(#2203),855 ₽/уп
(#1800),764 ₽/уп
(#1811),764 ₽/уп
(#25C),855 ₽/уп
(#35),855 ₽/уп
(#1000),764 ₽/уп
(#26),764 ₽/уп
(#29B),764 ₽/уп
(#25B),855 ₽/уп
(#39),764 ₽/уп
(#27),855 ₽/уп
(#21),855 ₽/уп
(#1002),764 ₽/уп
(#1001),764 ₽/уп
(#990),764 ₽/уп
(#996FM),764 ₽/уп
(#992),764 ₽/уп
(#991),863 ₽/уп
(#995),764 ₽/уп
(#996),764 ₽/уп
(#998),764 ₽/уп
(#994),764 ₽/уп
(#1007),764 ₽/уп
(#993),764 ₽/уп
(#999),764 ₽/уп
(#PF559F),887 ₽/уп
(#PF557F),1 394 ₽/уп
(#PF558F),1 394 ₽/уп
(#558),1 115 ₽/уп
(#515),1 115 ₽/уп
(#559),1 115 ₽/уп
(#512),887 ₽/уп
(#517),887 ₽/уп
(#517F),887 ₽/уп
(#513),785 ₽/уп
(#520),887 ₽/уп
(#511),887 ₽/уп
(#522),887 ₽/уп
(#519),1 115 ₽/уп
(#514),833 ₽/уп
(#136),751 ₽/уп
(#1629),887 ₽/уп
(#134),751 ₽/уп
(#132),751 ₽/уп
(#125),751 ₽/уп
(#1630),1 115 ₽/уп
(#130D),751 ₽/уп
(#133),751 ₽/уп
(#1611),1 115 ₽/уп
(#1615),1 115 ₽/уп
(#1631),887 ₽/уп
(#124B),751 ₽/уп
(#128),835 ₽/уп
(#1616),887 ₽/уп
(#123D),751 ₽/уп
(#129),835 ₽/уп
(#1622),887 ₽/уп
(#1900),1 087 ₽/уп
(#1905),1 087 ₽/уп
(#1903),1 087 ₽/уп
(#1901),1 087 ₽/уп
(#1902),1 087 ₽/уп
(#201),918 ₽/уп
(#329),751 ₽/уп
(#324),751 ₽/уп
(#457),805 ₽/уп
(#322),918 ₽/уп
(#327),751 ₽/уп
(#328),751 ₽/уп
(#332),805 ₽/уп
(#626F),805 ₽/уп
(#625F),805 ₽/уп
(#661),918 ₽/уп
(#662),805 ₽/уп
(#460),805 ₽/уп
(#323),805 ₽/уп
(#425),805 ₽/уп
(#330),805 ₽/уп
(#421),805 ₽/уп
(#454),805 ₽/уп
(#202),751 ₽/уп
(#325),751 ₽/уп
(#326),751 ₽/уп
(#331),805 ₽/уп
(#886),1 775 ₽/уп
(#756),2 416 ₽/уп
(#759),1 775 ₽/уп
(#754),1 911 ₽/уп
(#757),1 911 ₽/уп
(#758),1 911 ₽/уп
(#884),1 775 ₽/уп
(#221F),785 ₽/уп
(#767),1 911 ₽/уп
(#143F),751 ₽/уп
(#146F),696 ₽/уп
(#144F),751 ₽/уп
(#141F),835 ₽/уп
(#704),1 115 ₽/уп
(#223F),887 ₽/уп
(#710),874 ₽/уп
(#708),1 115 ₽/уп
(#614),764 ₽/уп
(#703),874 ₽/уп
(#617),764 ₽/уп
(#709),874 ₽/уп
(#613),764 ₽/уп
(#705),874 ₽/уп
(#222F),887 ₽/уп
(#702),1 115 ₽/уп
(#706),874 ₽/уп
(#741),887 ₽/уп
(#860),887 ₽/уп
(#747),887 ₽/уп
(#862),887 ₽/уп
(#748),887 ₽/уп
(#744),1 115 ₽/уп
(#740),887 ₽/уп
(#750),874 ₽/уп
(#511F),887 ₽/уп
(#512F),887 ₽/уп
(#514F),833 ₽/уп
(#506),805 ₽/уп
(#509),805 ₽/уп
(#515F),887 ₽/уп
(#502),805 ₽/уп
(#508),805 ₽/уп
(#507),918 ₽/уп
(#501),805 ₽/уп
(#505),805 ₽/уп
(#503),805 ₽/уп
(#504),805 ₽/уп
(#711),833 ₽/уп
(#81),835 ₽/уп
(#721),887 ₽/уп
(#83),696 ₽/уп
(#85),696 ₽/уп
(#86F),751 ₽/уп
(#89),696 ₽/уп
(#90),835 ₽/уп
(#86),696 ₽/уп
(#84),835 ₽/уп
(#1634F),887 ₽/уп
(#409F),578 ₽/уп
(#1613F),887 ₽/уп
(#1618F),887 ₽/уп
(#48LF),696 ₽/уп
(#45AF),696 ₽/уп
(#43F),696 ₽/уп
(#1633F),887 ₽/уп
(#47DF),696 ₽/уп
(#45F),696 ₽/уп
(#764),1 242 ₽/уп
(#52F),785 ₽/уп
(#615),764 ₽/уп
(#47F),696 ₽/уп
(#1617F),1 115 ₽/уп
(#1614F),887 ₽/уп
(#413F),835 ₽/уп
(#412F),751 ₽/уп
(#1627F),887 ₽/уп
(#1616F),887 ₽/уп
(#46F),628 ₽/уп
(#618),887 ₽/уп
(#1612F),887 ₽/уп
(#46LF),696 ₽/уп
(#408L),751 ₽/уп
(#413),751 ₽/уп
(#406),751 ₽/уп
(#403D),751 ₽/уп
(#403),751 ₽/уп
(#405A),751 ₽/уп
(#412),751 ₽/уп
(#408),835 ₽/уп
(#410),835 ₽/уп
(#43),696 ₽/уп
(#55),683 ₽/уп
(#43D),785 ₽/уп
(#45A),642 ₽/уп
(#46L),696 ₽/уп
(#50),642 ₽/уп
(#47D),696 ₽/уп
(#45),642 ₽/уп
(#47),696 ₽/уп
(#53),683 ₽/уп
(#47H),696 ₽/уп
(#48),696 ₽/уп
(#265FM),778 ₽/уп
(#1810),764 ₽/уп
(#1011),764 ₽/уп
(#774),764 ₽/уп
(#1003),764 ₽/уп
(#1802),764 ₽/уп
(#271),764 ₽/уп
(#1809),764 ₽/уп
(#264),764 ₽/уп
(#282FM),705 ₽/уп
(#777),855 ₽/уп
(#282),855 ₽/уп
(#1012),764 ₽/уп
(#1013),764 ₽/уп
(#266),764 ₽/уп
(#1005),764 ₽/уп
(#284),710 ₽/уп
(#1801),764 ₽/уп
(#1803),764 ₽/уп
(#262),710 ₽/уп
(#1004),764 ₽/уп
(#263),764 ₽/уп
(#782),764 ₽/уп
(#776),764 ₽/уп
(#740F),887 ₽/уп
(#773),764 ₽/уп
(#1820),764 ₽/уп
(#288),710 ₽/уп
(#783),764 ₽/уп
(#796),764 ₽/уп
(#248),764 ₽/уп
(#245),764 ₽/уп
(#110B),751 ₽/уп
(#115),751 ₽/уп
(#114),751 ₽/уп
(#118),751 ₽/уп
(#116),751 ₽/уп
(#119),751 ₽/уп
(#110),887 ₽/уп
(#113),751 ₽/уп
(#108BD),764 ₽/уп
(#112),751 ₽/уп
(#6BF),696 ₽/уп
(#6CF),696 ₽/уп
(#941F),696 ₽/уп
(#939F),696 ₽/уп
(#14F),642 ₽/уп
(#9F),696 ₽/уп
(#6F),696 ₽/уп
(#5F),696 ₽/уп
(#9BF),696 ₽/уп
(#19F),696 ₽/уп
(#8F),696 ₽/уп
(#478),751 ₽/уп
(#166B),751 ₽/уп
(#166C),751 ₽/уп
(#179),696 ₽/уп
(#477),751 ₽/уп
(#165C),751 ₽/уп
(#166),751 ₽/уп
(#162),751 ₽/уп
(#176B),751 ₽/уп
(#167BD),835 ₽/уп
(#166D),751 ₽/уп
(#162C),751 ₽/уп
(#161),835 ₽/уп
(#176),751 ₽/уп
(#6B),696 ₽/уп
(#5D),785 ₽/уп
(#177),751 ₽/уп
(#939),696 ₽/уп
(#7BD),696 ₽/уп
(#8),696 ₽/уп
(#5),628 ₽/уп
(#940),696 ₽/уп
(#165D),751 ₽/уп
(#6),696 ₽/уп
(#9B),696 ₽/уп
(#5B),785 ₽/уп
(#19),696 ₽/уп
(#941),696 ₽/уп
(#2C),696 ₽/уп
(#15),696 ₽/уп
(#9),696 ₽/уп
(#1171),6 074 ₽/уп
(#1175),6 074 ₽/уп
(#1176),6 074 ₽/уп
(#1177),6 074 ₽/уп
(#1174),6 074 ₽/уп
(#1173),6 074 ₽/уп
(#1172),6 074 ₽/уп
(#1170),6 074 ₽/уп
(#222),833 ₽/уп
(#143),751 ₽/уп
(#151),835 ₽/уп
(#150),835 ₽/уп
(#146),835 ₽/уп
(#145),835 ₽/уп
(#144),696 ₽/уп
